p,data_generation,estimator_computation,metric_computation
100,0.036008875000032,0.0828116590000227,0.0021090979999612
200,0.0741581439999723,0.0881586620000331,0.0021106669999801
500,0.3015875979999973,0.0902007429999762,0.0020864549999841
1000,1.464907607000009,0.1237944470000048,0.0041412549999698
2000,6.681512525000008,0.1657502900000123,0.0047969520000399
