p,data_generation,estimator_computation,metric_computation
100,0.007570012333333317,0.016318954499999982,0.0003816543333332834
200,0.01438442699999995,0.0155361196666666,0.0003552228333330333
500,0.08948381150000007,0.020100189666666518,0.0004657928333332
1000,0.5065678551666668,0.030936964833333386,0.0013644268333336167
2000,3.0103331064999996,0.03794020700000023,0.0010161679999985834
