p,data_generation,estimator_computation,metric_computation
100,0.3122412590004015,0.0804828020002471,0.0018821970005683999
200,1.0015129970002474,0.0835892420002151,0.0019155349991558
500,6.92202270499979,0.1176782930006792,0.0029630610000163
1000,30.576388796000018,0.1468203760000503,0.005423421000287
2000,222.42540487599996,0.1834136660004472,0.0060329190004317
