p,data_generation,estimator_computation,metric_computation
100,0.0008793996999999999,0.00336427099999998,0.00019941649999996998
200,0.0017529791999999998,0.0036457163999999804,0.00020625769999998
500,0.0096295412,0.00392087150000001,0.00023562780000001
1000,0.06741226619999999,0.00577591669999997,0.00031797500000002
2000,0.48019685039999993,0.008816583099999989,0.00046926340000001
