p,data_generation,estimator_computation,metric_computation
100,0.0059615450000034,0.0288090360000037,0.0017402920000079
200,0.0125497920000077,0.031103959000008,0.0016751270000038001
500,0.0511790449999969,0.0346336640000108,0.0017322520000009
1000,0.2707737510000081,0.0519886680000025,0.0032086240000008
2000,1.133790212000002,0.062302542999994,0.0037442959999953
