p,data_generation,estimator_computation,metric_computation
100,0.0015484123,0.00437862479999999,0.00021721669999997
200,0.00235444949999997,0.00435569109999999,0.00022380400000000003
500,0.01107895869999998,0.006172132899999979,0.00031048250000006007
1000,0.06354254969999998,0.00959414580000001,0.00045691290000001
2000,0.4825629209000001,0.013829137599999961,0.0019139422999999499
