p,data_generation,estimator_computation,metric_computation
100,0.0067764539999952,0.028389794000001398,0.0016213310000043
200,0.0148311249999935,0.0302181699999958,0.0016043679999961
500,0.0546292049999941,0.033734253000001296,0.0016287490000079
1000,0.2852200799999957,0.041350454000000605,0.0021882909999994
2000,1.1736824210000076,0.050403448999999906,0.0027644540000082
