p,data_generation,estimator_computation,metric_computation
100,0.0069070800000545,0.027578123999973003,0.0015509549999918
200,0.014967334999973,0.0293627509999652,0.0015600510000623
500,0.0650712890000093,0.03451916799998141,0.0016643730000253
1000,0.2478082550000095,0.0387930419999449,0.0018122470000178
2000,1.18211021000009,0.050058211999925,0.0025749990000178
