p,data_generation,estimator_computation,metric_computation
100,0.0546813370000407,0.029737542000056204,0.0016557079999798
200,0.1720398329999781,0.0311939950000379,0.0016075020000483999
500,1.1450657039999754,0.039171747999944204,0.0020867829999601
1000,5.131010375999999,0.0492555780000002,0.0033072940000451
2000,36.55343495900005,0.0638675890000257,0.0038505859999346
