p,data_generation,estimator_computation,metric_computation
100,0.0074252899999999,0.0888548349999994,0.0043949209999996
200,0.0128046230000003,0.0907511169999993,0.0043734109999997
500,0.0499007909999998,0.1024157429999981,0.0057960819999993
1000,0.2505490410000002,0.1142220969999983,0.0074336699999948
2000,1.175004915999999,0.1335819639999946,0.0067158300000007
