p,data_generation,estimator_computation,metric_computation
100,0.0590602059999999,0.0917719099999996,0.0046201179999997
200,0.179161714,0.0905545779999998,0.0043569809999979
500,1.1937676639999997,0.10176004300000341,0.0056987919999994
1000,5.573544832999998,0.11389425000000461,0.0072962509999798
2000,37.26898674999996,0.1261249029999756,0.0061710430000229
