p,data_generation,estimator_computation,metric_computation
100,0.0079035009999999,0.08743640099999911,0.0044157440000015
200,0.0151362539999998,0.0897389269999994,0.0043801559999973
500,0.0637589930000002,0.1015287450000011,0.0056343320000029
1000,0.2454276279999994,0.1107753730000007,0.0064710059999889
2000,1.201462250000013,0.1256158640000462,0.0061308240000241005
