p,data_generation,estimator_computation,metric_computation
100,0.0009595204000000101,0.01076354049999996,0.00067029950000001
200,0.0018658166,0.01067502520000001,0.00064754449999992
500,0.00939461660000002,0.011432990799999949,0.00065244320000002
1000,0.06420387939999997,0.01550271579999997,0.00090184990000001
2000,0.481518942,0.02271859609999982,0.00100086949999996
