p,data_generation,estimator_computation,metric_computation
100,0.0073570419999997,0.0871917509999998,0.0043382110000003
200,0.0151752950000002,0.0897363770000012,0.0043371300000003
500,0.0558437520000002,0.1013733429999997,0.0056563369999984
1000,0.2630575440000002,0.11270499799999939,0.0065651929999998
2000,1.2241187060000016,0.1332142979999965,0.0067482300000035
