p,data_generation,estimator_computation,metric_computation
100,0.0018839207999999702,0.01218210299999994,0.0007018024999999499
200,0.00261172919999999,0.01169150159999996,0.00065244759999995
500,0.009672637099999989,0.01316710399999996,0.00078294480000002
1000,0.053965604000000014,0.018469790999999968,0.00193485389999993
2000,0.4785862917000001,0.02605400640000003,0.00232822500000015
